income,credit_score,dti,employment_length,existing_loans,Risk
5968.9,706.0,0.1958,45,1.0,0
19378.1,589.0,0.3071,4,3.0,1
7429.4,642.0,0.2821,31,1.0,0
26169.2,553.0,0.3012,27,4.0,1
17112.0,615.0,0.2846,35,2.0,1
25220.75,468.0,0.359,17,4.0,1
11123.5,696.0,0.2549,35,2.0,0
26050.4,619.0,0.2667,17,3.0,1
10881.35,721.0,0.2811,43,1.0,0
19720.7,654.0,0.2654,10,2.0,1
5049.5,665.0,0.2565,7,0.0,0
14354.8,569.0,0.3001,6,3.0,1
5787.7,679.0,0.2707,4,0.0,0
5437.35,669.0,0.2205,42,2.0,0
5489.3,647.0,0.2556,10,2.0,0
4837.3,659.0,0.265,14,2.0,0
9369.4,627.0,0.2587,35,2.0,0
25898.2,562.0,0.3117,7,3.0,1
46355.45,581.0,0.2714,26,2.0,1
12198.0,665.0,0.2812,13,2.0,0
8455.4,670.0,0.2524,30,1.0,0
10225.7,718.0,0.2589,26,1.0,0
7778.65,647.0,0.2881,30,1.0,0
7452.4,728.0,0.2421,26,0.0,0
7323.9,619.0,0.2825,8,1.0,0
5061.1,666.0,0.2715,18,1.0,0
2653.9,653.0,0.1605,21,1.0,0
3377.9,781.0,0.1211,24,0.0,0
8836.5,694.0,0.2733,16,0.0,0
23556.6,597.0,0.2902,45,4.0,1
7830.3,756.0,0.2443,18,1.0,0
13567.0,631.0,0.2963,9,2.0,1
19554.6,668.0,0.3,12,2.0,0
5344.6,615.0,0.2365,39,1.0,0
6547.7,734.0,0.2251,15,0.0,0
13611.9,582.0,0.3487,7,2.0,1
20186.0,518.0,0.3027,13,4.0,1
7965.0,700.0,0.2637,19,1.0,0
5252.5,719.0,0.2332,19,0.0,0
2419.8,695.0,0.1893,6,0.0,0
9812.15,689.0,0.2378,12,2.0,0
4979.8,736.0,0.2325,8,0.0,0
18140.6,633.0,0.342,26,2.0,1
20339.7,604.0,0.3042,6,3.0,1
18468.95,549.0,0.3326,40,4.0,1
6330.15,683.0,0.2201,17,1.0,0
8971.9,666.0,0.2562,21,3.0,0
4259.4,653.0,0.3174,5,1.0,0
20679.2,589.0,0.3495,21,2.0,1
7726.3,666.0,0.2683,10,1.0,0
7197.45,614.0,0.3241,11,1.0,0
22385.75,655.0,0.2665,12,2.0,1
4947.2,645.0,0.2551,7,1.0,0
11556.8,602.0,0.2923,13,2.0,0
9052.5,640.0,0.2458,39,2.0,0
2984.95,611.0,0.2623,8,1.0,0
24781.4,676.0,0.261,34,1.0,0
30899.6,547.0,0.3096,13,4.0,1
7926.55,709.0,0.2474,5,1.0,0
17471.85,545.0,0.3565,5,4.0,1
5417.1,691.0,0.2568,9,0.0,0
6514.7,685.0,0.2359,32,1.0,0
9228.15,672.0,0.2116,43,2.0,0
45740.1,522.0,0.3153,7,3.0,1
10931.1,613.0,0.291,8,2.0,1
17769.0,594.0,0.2921,30,3.0,1
7905.1,643.0,0.2746,11,1.0,0
4531.7,756.0,0.2222,4,0.0,0
7093.9,579.0,0.2564,19,3.0,1
8296.4,576.0,0.2886,7,3.0,1
26422.3,558.0,0.3078,12,4.0,1
3544.5,614.0,0.206,28,1.0,0
6077.2,692.0,0.1915,33,1.0,0
17373.1,596.0,0.3427,23,3.0,1
8418.35,647.0,0.2348,22,3.0,0
7887.3,701.0,0.1935,45,1.0,0
13641.5,613.0,0.2907,16,3.0,1
16735.1,689.0,0.2851,33,0.0,0
26370.4,482.0,0.3578,21,4.0,1
12809.2,633.0,0.2992,4,1.0,1
19963.3,587.0,0.2977,26,3.0,1
5885.3,716.0,0.2061,29,2.0,0
5315.2,612.0,0.295,6,2.0,0
6840.75,662.0,0.2566,40,2.0,0
8114.75,671.0,0.2853,34,1.0,0
6187.6,674.0,0.2282,11,1.0,0
5119.5,679.0,0.253,9,1.0,0
41062.2,565.0,0.3071,29,3.0,1
9353.95,707.0,0.2404,12,2.0,0
4574.8,674.0,0.2422,10,1.0,0
4035.8,688.0,0.1531,38,1.0,0
6417.9,703.0,0.2195,36,1.0,0
3267.05,610.0,0.244,15,1.0,0
11912.7,614.0,0.3036,2,1.0,0
6615.8,792.0,0.1992,36,0.0,0
51619.5,520.0,0.3089,40,3.0,1
8372.2,658.0,0.2403,43,1.0,0
9638.2,700.0,0.272,16,1.0,0
8664.7,654.0,0.2697,18,2.0,0
26312.35,619.0,0.2682,18,2.0,1
5647.85,624.0,0.2601,23,2.0,0
8201.3,619.0,0.2832,6,2.0,1
3889.2,656.0,0.2396,6,1.0,0
7333.9,677.0,0.2617,17,0.0,0
8489.5,593.0,0.288,8,1.0,0
43904.9,620.0,0.2719,21,2.0,1
24450.9,635.0,0.2641,21,3.0,1
20121.8,654.0,0.3021,14,1.0,0
24985.1,580.0,0.309,12,3.0,1
6076.0,741.0,0.2321,17,1.0,0
5896.9,724.0,0.2457,13,0.0,0
2180.2,682.0,0.1798,5,1.0,0
17729.0,593.0,0.3531,10,2.0,1
25385.5,555.0,0.3094,7,4.0,1
6913.0,726.0,0.243,17,1.0,0
12736.8,575.0,0.2809,29,3.0,1
26517.7,582.0,0.2705,12,4.0,1
7554.2,624.0,0.2822,9,1.0,0
14556.1,658.0,0.2941,5,2.0,1
10139.3,762.0,0.2333,18,0.0,0
6723.5,651.0,0.2729,7,2.0,0
15326.4,630.0,0.2524,23,2.0,0
5685.2,595.0,0.311,6,1.0,0
4786.1,714.0,0.1632,45,0.0,0
6909.4,629.0,0.2785,9,1.0,0
7785.1,668.0,0.2724,12,1.0,0
3417.65,667.0,0.2051,22,1.0,0
3190.9,697.0,0.2003,12,0.0,0
7953.0,716.0,0.2339,16,0.0,0
12021.9,656.0,0.2911,11,1.0,0
27149.7,546.0,0.3126,6,3.0,1
22524.7,591.0,0.3058,11,4.0,1
8281.2,606.0,0.327,9,2.0,0
7955.4,617.0,0.2494,29,2.0,0
32501.4,519.0,0.3121,3,4.0,1
5174.0,637.0,0.2397,20,1.0,0
28285.3,636.0,0.3045,9,3.0,1
4819.9,762.0,0.1589,45,0.0,0
9681.8,657.0,0.2818,17,1.0,0
6684.65,674.0,0.2814,26,0.0,0
3144.8,739.0,0.2255,9,0.0,0
18232.25,651.0,0.263,12,2.0,1
13231.8,656.0,0.2582,9,2.0,1
8562.2,647.0,0.2875,4,2.0,0
8057.8,621.0,0.2839,5,2.0,0
12424.6,642.0,0.287,12,2.0,1
4191.0,699.0,0.2052,21,1.0,0
4219.2,706.0,0.1616,33,1.0,0
17790.1,603.0,0.3019,10,4.0,1
7154.2,731.0,0.2211,28,2.0,0
5962.6,658.0,0.2257,24,1.0,0
7454.4,659.0,0.2581,20,1.0,0
19128.8,626.0,0.3057,6,3.0,1
25704.8,670.0,0.3018,11,2.0,0
26312.85,662.0,0.2648,18,2.0,0
4834.2,643.0,0.2652,2,1.0,0
5992.8,725.0,0.2149,30,1.0,0
2633.35,676.0,0.1287,27,1.0,0
12537.2,688.0,0.2801,20,1.0,0
6219.7,611.0,0.3052,16,1.0,0
10483.2,651.0,0.274,18,2.0,0
4480.5,644.0,0.2355,12,2.0,0
5652.2,702.0,0.2233,18,2.0,0
28553.4,677.0,0.2559,45,1.0,0
4557.9,674.0,0.1994,18,3.0,0
10831.8,697.0,0.2749,14,1.0,0
4821.1,671.0,0.2346,15,2.0,0
6228.7,750.0,0.2532,2,0.0,0
13348.2,585.0,0.2976,7,2.0,1
7243.5,669.0,0.2671,13,1.0,0
4260.0,657.0,0.223,15,2.0,0
3435.3,651.0,0.2221,8,1.0,0
8677.2,697.0,0.2379,16,1.0,0
5698.4,700.0,0.2481,15,0.0,0
11653.4,639.0,0.293,8,2.0,1
28426.75,601.0,0.2633,35,3.0,1
9618.7,679.0,0.2679,24,1.0,0
3347.8,767.0,0.101,34,1.0,0
8213.65,652.0,0.239,13,1.0,0
4205.1,710.0,0.1358,45,2.0,0
30813.2,544.0,0.3106,10,4.0,1
17025.25,654.0,0.2617,12,2.0,1
5764.55,622.0,0.2857,22,2.0,0
14098.7,709.0,0.2679,32,2.0,0
4160.4,693.0,0.2125,18,1.0,0
5461.0,647.0,0.249,13,2.0,0
20957.95,702.0,0.2447,45,1.0,0
5125.0,642.0,0.2293,45,1.0,0
3109.4,692.0,0.2168,2,1.0,0
11371.4,670.0,0.2853,15,1.0,0
18828.05,732.0,0.2438,36,2.0,0
11696.6,580.0,0.3286,16,2.0,1
13556.5,654.0,0.2888,18,1.0,0
7709.8,632.0,0.2734,11,1.0,0
10451.1,620.0,0.29,3,2.0,1
6678.55,724.0,0.2247,16,0.0,0
5424.2,657.0,0.2548,10,1.0,0
4213.1,694.0,0.2257,9,0.0,0
9816.0,604.0,0.2812,18,1.0,0
16814.35,694.0,0.2556,22,1.0,0
5201.6,733.0,0.1799,34,1.0,0
4200.2,648.0,0.2781,9,1.0,0
16932.7,592.0,0.3022,8,3.0,1
3691.2,648.0,0.2444,3,1.0,0
5451.75,634.0,0.2742,20,1.0,0
39201.65,565.0,0.271,20,3.0,1
7663.5,661.0,0.2525,25,1.0,0
5484.4,685.0,0.2596,8,0.0,0
18300.2,577.0,0.3589,3,3.0,1
6945.3,752.0,0.2034,37,1.0,0
10684.4,620.0,0.2877,15,1.0,0
11737.75,563.0,0.3267,27,3.0,1
18318.3,643.0,0.2889,32,3.0,1
9243.4,743.0,0.2064,45,1.0,0
12145.2,599.0,0.2752,33,3.0,1
3834.8,665.0,0.243,21,0.0,0
10867.4,652.0,0.2856,13,2.0,0
13095.3,641.0,0.2988,5,2.0,1
9005.65,591.0,0.3355,6,2.0,1
6628.4,694.0,0.2058,45,1.0,0
2726.25,667.0,0.2293,8,0.0,0
4525.0,624.0,0.2652,5,1.0,0
3401.7,656.0,0.2078,12,1.0,0
10351.8,598.0,0.2877,14,2.0,0
15646.7,619.0,0.2976,12,2.0,0
9205.3,601.0,0.2839,9,3.0,1
35564.1,625.0,0.3082,9,3.0,1
29935.75,633.0,0.2627,35,2.0,1
5511.8,645.0,0.2682,4,1.0,0
10691.9,592.0,0.2945,4,2.0,1
14121.0,642.0,0.2981,8,2.0,1
8908.55,654.0,0.2814,33,1.0,0
8182.1,674.0,0.2617,17,1.0,0
3329.9,655.0,0.2601,7,1.0,0
5721.6,651.0,0.2699,24,1.0,0
7681.65,678.0,0.2373,12,2.0,0
32826.0,507.0,0.4434,5,1.0,1
9787.55,682.0,0.2827,43,1.0,0
5387.1,657.0,0.2396,17,1.0,0
9343.2,649.0,0.2699,21,2.0,1
3851.5,635.0,0.2376,11,2.0,0
6889.5,683.0,0.2315,33,1.0,0
15275.5,546.0,0.3015,6,3.0,1
4778.5,649.0,0.248,9,1.0,0
10839.55,662.0,0.318,17,1.0,0
4934.8,628.0,0.2549,7,2.0,0
4202.7,682.0,0.1706,34,1.0,0
5277.4,671.0,0.2281,17,1.0,0
7037.5,679.0,0.2735,8,1.0,0
2272.3,620.0,0.1906,4,2.0,0
3769.9,747.0,0.1767,21,1.0,0
7735.15,693.0,0.291,28,0.0,0
7665.0,650.0,0.2805,6,1.0,0
14413.1,639.0,0.288,17,2.0,0
7133.0,658.0,0.2846,6,0.0,0
20602.7,516.0,0.36,9,3.0,1
8497.6,603.0,0.3159,17,2.0,1
7836.9,627.0,0.2742,11,1.0,0
12942.2,641.0,0.2945,5,2.0,0
5373.1,685.0,0.2148,39,1.0,0
6241.7,669.0,0.2655,9,1.0,0
7054.3,685.0,0.2272,37,2.0,0
20242.1,625.0,0.2619,18,3.0,1
9437.2,606.0,0.2912,39,1.0,0
4542.15,632.0,0.271,14,1.0,0
3941.2,699.0,0.2035,19,1.0,0
20802.4,557.0,0.303,18,4.0,1
6242.3,641.0,0.2456,20,2.0,0
33606.9,651.0,0.2671,27,3.0,1
3971.9,606.0,0.2515,7,2.0,0
9372.2,609.0,0.284,14,2.0,0
6121.2,687.0,0.229,19,1.0,0
44459.95,515.0,0.2737,18,3.0,1
10626.0,620.0,0.288,10,2.0,1
33144.7,539.0,0.362,16,3.0,1
9640.7,646.0,0.2798,14,1.0,0
8522.4,628.0,0.2821,8,2.0,0
5059.3,649.0,0.2494,31,1.0,0
15574.1,635.0,0.2961,14,1.0,0
8083.55,656.0,0.2352,11,2.0,0
11885.8,673.0,0.2834,5,2.0,0
6789.4,673.0,0.2318,32,1.0,0
5544.25,671.0,0.2606,31,1.0,0
6917.0,660.0,0.2197,45,2.0,0
13636.8,684.0,0.2844,19,1.0,0
29798.3,525.0,0.3598,17,4.0,1
15912.8,587.0,0.3009,8,3.0,1
28321.1,595.0,0.2677,13,3.0,1
5260.2,716.0,0.2076,31,0.0,0
5014.4,681.0,0.2042,30,2.0,0
4405.6,648.0,0.2442,8,1.0,0
34502.9,590.0,0.2724,10,3.0,1
24487.45,616.0,0.2621,26,3.0,1
16987.6,624.0,0.2823,38,2.0,1
28692.95,565.0,0.2659,28,4.0,1
31946.0,560.0,0.3118,8,3.0,1
15192.5,567.0,0.3077,2,1.0,0
4985.55,623.0,0.2581,27,1.0,0
9461.5,648.0,0.2658,25,2.0,0
10269.5,740.0,0.2673,14,1.0,0
3528.4,644.0,0.1905,36,1.0,0
13422.4,649.0,0.2834,24,2.0,1
4856.6,648.0,0.2767,19,1.0,0
5092.8,703.0,0.2038,31,1.0,0
33413.7,548.0,0.3031,26,4.0,1
6578.3,734.0,0.2346,15,1.0,0
13589.15,519.0,0.354,6,2.0,1
3401.55,683.0,0.2137,15,1.0,0
4834.7,690.0,0.2559,6,0.0,0
1661.4,650.0,0.1661,4,0.0,0
13238.2,501.0,0.4065,22,3.0,1
18279.1,616.0,0.3015,7,3.0,1
12691.9,664.0,0.2954,8,1.0,0
2850.25,665.0,0.2403,7,0.0,0
4974.1,667.0,0.3004,11,0.0,0
9757.6,628.0,0.2814,13,3.0,1
3366.2,665.0,0.2103,20,1.0,0
13210.15,620.0,0.3294,30,1.0,0
3453.1,659.0,0.203,14,1.0,0
10758.95,623.0,0.3386,9,2.0,1
16223.95,662.0,0.2619,10,1.0,0
7287.8,654.0,0.2659,14,2.0,0
11680.5,634.0,0.2491,16,2.0,1
9862.9,724.0,0.2696,10,2.0,0
4606.8,652.0,0.2231,18,2.0,0
10529.7,649.0,0.3227,21,1.0,0
19698.1,592.0,0.2945,31,2.0,0
6557.5,708.0,0.2326,16,2.0,0
15111.3,646.0,0.296,13,2.0,1
4450.8,700.0,0.24,10,0.0,0
26268.25,652.0,0.2518,45,3.0,1
7148.4,661.0,0.2608,12,2.0,0
27458.4,610.0,0.2698,6,3.0,1
31873.5,483.0,0.3636,6,4.0,1
13706.0,605.0,0.2999,5,2.0,1
13713.2,689.0,0.2468,26,1.0,0
6532.65,650.0,0.3216,5,1.0,0
4792.5,620.0,0.266,6,2.0,0
14063.9,631.0,0.2964,10,2.0,1
5275.65,669.0,0.2883,13,0.0,0
18803.3,589.0,0.3054,6,2.0,1
10607.35,593.0,0.3393,8,2.0,1
11315.3,688.0,0.284,7,1.0,0
17073.45,685.0,0.26,15,1.0,0
11919.85,671.0,0.3313,19,0.0,0
5531.35,636.0,0.2638,25,2.0,0
3699.2,685.0,0.2384,5,1.0,0
9552.6,622.0,0.3934,5,1.0,0
6128.95,660.0,0.2844,16,1.0,0
5281.6,731.0,0.2151,14,0.0,0
4796.6,628.0,0.2577,5,1.0,0
4147.9,697.0,0.2312,11,0.0,0
12792.95,637.0,0.2524,20,2.0,0
20356.9,612.0,0.3045,10,2.0,1
4343.7,686.0,0.1674,28,1.0,0
4266.9,640.0,0.292,5,1.0,0
8941.1,641.0,0.2607,31,1.0,0
16913.65,609.0,0.2639,8,3.0,1
3545.6,653.0,0.2189,10,1.0,0
8423.6,611.0,0.2856,5,2.0,1
5975.9,656.0,0.2073,43,1.0,0
13361.45,699.0,0.2544,19,0.0,0
8385.7,706.0,0.268,18,0.0,0
6369.6,625.0,0.2773,3,1.0,0
6475.6,600.0,0.3819,7,2.0,1
6200.2,656.0,0.2487,18,1.0,0
13040.0,617.0,0.2952,9,2.0,0
12245.0,617.0,0.2981,4,2.0,1
12312.6,636.0,0.2799,24,3.0,1
10863.1,660.0,0.2763,22,1.0,0
10804.9,584.0,0.285,18,3.0,1
20132.0,606.0,0.3015,15,3.0,1
7617.6,619.0,0.2817,5,1.0,0
51038.8,476.0,0.2695,45,4.0,1
54896.1,552.0,0.2693,42,3.0,1
25278.5,556.0,0.304,19,4.0,1
8542.0,638.0,0.2716,16,2.0,0
3882.6,606.0,0.2179,18,1.0,0
52983.9,564.0,0.2702,39,3.0,1
3099.3,693.0,0.1168,34,1.0,0
8222.2,642.0,0.269,21,2.0,0
47554.8,579.0,0.2729,20,2.0,1
4852.3,586.0,0.2644,7,2.0,0
5193.0,702.0,0.2561,8,0.0,0
12550.8,594.0,0.3404,8,2.0,1
7972.8,628.0,0.2807,7,2.0,0
4225.6,589.0,0.2665,3,2.0,0
27737.7,669.0,0.2658,22,2.0,0
8635.6,723.0,0.2694,9,1.0,0
5596.9,651.0,0.2589,9,1.0,0
7671.0,663.0,0.2373,12,2.0,0
3909.95,708.0,0.2514,1,0.0,0
13058.95,619.0,0.2488,21,3.0,1
7311.7,680.0,0.2677,13,1.0,0
9786.3,673.0,0.2459,13,1.0,0
37896.0,570.0,0.3103,14,3.0,1
11236.9,680.0,0.2294,37,1.0,0
9048.8,650.0,0.2595,28,3.0,1
5561.3,691.0,0.2199,28,0.0,0
6162.4,694.0,0.246,25,2.0,0
6091.3,652.0,0.2418,21,2.0,0
6829.7,651.0,0.2763,10,1.0,0
27913.8,568.0,0.3098,9,3.0,1
3230.3,624.0,0.2483,9,2.0,0
10491.9,660.0,0.2763,25,1.0,0
7250.9,657.0,0.2812,4,1.0,0
8315.7,617.0,0.2642,25,2.0,0
4369.3,669.0,0.241,9,2.0,0
12874.25,685.0,0.2513,8,2.0,0
4370.9,756.0,0.2148,10,0.0,0
6957.7,656.0,0.2827,2,1.0,0
27133.15,601.0,0.2673,17,3.0,1
9766.6,682.0,0.2347,24,1.0,0
6112.05,667.0,0.2613,22,1.0,0
5506.1,638.0,0.2508,17,2.0,0
19495.2,583.0,0.2997,17,4.0,1
8149.35,643.0,0.3165,15,1.0,0
27065.1,554.0,0.313,5,3.0,1
11441.1,700.0,0.2432,13,2.0,0
4385.2,664.0,0.2376,15,1.0,0
11216.6,671.0,0.284,2,2.0,0
7336.8,661.0,0.2764,12,0.0,0
4343.7,689.0,0.2205,29,0.0,0
7158.05,689.0,0.2223,16,2.0,0
9437.2,649.0,0.2927,7,0.0,0
9509.9,639.0,0.2922,3,1.0,0
9678.3,614.0,0.2834,11,2.0,1
5811.9,735.0,0.1977,28,2.0,0
4930.3,644.0,0.2663,2,1.0,0
4703.0,607.0,0.253,37,2.0,0
11887.2,672.0,0.2901,45,1.0,0
41389.4,613.0,0.2737,11,2.0,1
8065.6,672.0,0.2321,18,1.0,0
7694.8,630.0,0.2675,15,2.0,0
7656.6,667.0,0.279,7,1.0,0
5475.4,660.0,0.271,7,0.0,0
3034.0,660.0,0.2175,5,1.0,0
5924.7,714.0,0.2172,19,2.0,0
9901.8,605.0,0.3428,45,3.0,1
2409.8,658.0,0.2527,8,0.0,0
8213.2,682.0,0.2294,21,1.0,0
6232.0,672.0,0.2599,12,1.0,0
9324.9,667.0,0.2819,11,1.0,0
3500.35,644.0,0.2054,23,1.0,0
19300.8,631.0,0.264,12,3.0,1
4731.6,600.0,0.2629,23,1.0,0
7060.2,639.0,0.2609,16,3.0,1
9370.6,694.0,0.2749,17,0.0,0
6980.2,737.0,0.204,37,0.0,0
7462.2,794.0,0.2026,43,1.0,0
40291.7,535.0,0.2743,12,4.0,1
2780.8,665.0,0.1863,11,1.0,0
9902.9,644.0,0.2786,16,1.0,0
10863.5,653.0,0.2458,17,2.0,0
16177.7,629.0,0.2978,13,2.0,1
10685.45,645.0,0.2507,11,2.0,0
13525.5,642.0,0.2887,18,1.0,0
11881.6,624.0,0.285,17,1.0,0
2168.3,689.0,0.1582,9,1.0,0
15521.4,617.0,0.296,14,2.0,1
12677.0,628.0,0.2856,19,3.0,1
6755.1,674.0,0.2548,18,2.0,0
12060.35,687.0,0.2502,16,0.0,0
3667.4,681.0,0.2056,20,0.0,0
7395.0,642.0,0.2637,16,2.0,0
11429.4,683.0,0.2558,45,2.0,0
5571.35,608.0,0.2978,11,2.0,1
23557.8,526.0,0.3072,14,4.0,1
9638.4,603.0,0.2868,8,2.0,1
13784.35,586.0,0.3394,17,2.0,1
10675.2,653.0,0.2896,4,1.0,0
2353.8,683.0,0.1903,5,1.0,0
2873.1,658.0,0.2276,10,1.0,0
5654.9,669.0,0.2189,18,1.0,0
5174.5,686.0,0.2406,15,1.0,0
10723.4,626.0,0.2904,8,2.0,1
9283.9,641.0,0.2767,6,3.0,0
17006.2,651.0,0.3029,7,2.0,1
4433.05,703.0,0.2339,21,0.0,0
6281.8,686.0,0.2353,26,2.0,0
10433.45,639.0,0.3425,5,0.0,0
4793.1,669.0,0.2506,8,1.0,0
13863.2,713.0,0.2613,39,2.0,0
4666.0,722.0,0.2057,12,2.0,0
5625.3,717.0,0.2067,26,1.0,0
6096.95,746.0,0.1983,29,0.0,0
11518.7,663.0,0.2671,34,1.0,0
13976.7,611.0,0.2688,44,2.0,1
5302.7,638.0,0.2674,17,1.0,0
11975.8,617.0,0.2938,8,1.0,0
7065.4,641.0,0.2737,8,1.0,0
31158.9,610.0,0.267,24,2.0,1
5099.7,681.0,0.2426,9,1.0,0
2470.8,694.0,0.1489,20,0.0,0
7148.3,634.0,0.2969,21,1.0,0
9987.6,607.0,0.3,2,2.0,1
33405.7,619.0,0.2704,11,3.0,1
6473.5,643.0,0.2448,22,2.0,0
4727.65,660.0,0.2752,14,1.0,0
5401.3,738.0,0.2449,10,0.0,0
10786.3,638.0,0.2895,9,2.0,1
18658.3,579.0,0.2944,24,4.0,1
5525.6,760.0,0.2038,31,0.0,0
5419.6,707.0,0.2244,20,1.0,0
4741.7,631.0,0.2546,6,2.0,0
4413.85,601.0,0.2966,9,1.0,0
9056.0,749.0,0.2606,18,1.0,0
25827.5,694.0,0.2652,16,2.0,0
5520.3,630.0,0.256,10,2.0,0
32382.4,617.0,0.2652,27,4.0,1
3422.9,675.0,0.2217,8,1.0,0
17915.3,574.0,0.2616,14,3.0,1
9399.7,666.0,0.2859,8,1.0,0
2673.5,665.0,0.2188,2,0.0,0
8880.5,630.0,0.2539,36,2.0,0
3342.9,698.0,0.1822,19,1.0,0
5166.65,671.0,0.2634,22,1.0,0
23058.7,538.0,0.3091,5,4.0,1
5554.3,725.0,0.2166,25,1.0,0
3430.0,608.0,0.2041,18,1.0,0
18771.7,575.0,0.2934,26,3.0,1
10889.0,643.0,0.293,6,2.0,1
24083.9,560.0,0.2956,35,4.0,1
11937.8,631.0,0.2922,5,2.0,0
4019.45,654.0,0.2769,8,1.0,0
25904.6,615.0,0.3075,12,2.0,1
6154.2,670.0,0.2489,13,2.0,0
5612.95,651.0,0.2678,24,1.0,0
8381.2,612.0,0.2747,13,3.0,1
3349.3,678.0,0.1977,23,1.0,0
8326.3,649.0,0.273,14,2.0,0
9456.1,677.0,0.2782,10,1.0,0
6254.3,643.0,0.2403,23,1.0,0
5294.1,652.0,0.2476,8,2.0,0
10500.5,588.0,0.2957,7,2.0,0
8503.9,669.0,0.2727,15,1.0,0
7502.7,739.0,0.1831,45,1.0,0
12652.2,671.0,0.2855,19,1.0,0
29188.65,567.0,0.266,24,4.0,1
9814.85,677.0,0.3107,27,1.0,0
5720.4,661.0,0.2682,5,0.0,0
8559.2,623.0,0.2374,42,2.0,0
20770.0,583.0,0.3057,13,3.0,1
8939.6,665.0,0.3204,16,1.0,0
5620.75,664.0,0.2233,43,1.0,0
5797.3,632.0,0.2299,25,2.0,0
7723.2,636.0,0.2618,19,2.0,0
6091.2,633.0,0.2548,14,2.0,0
2658.9,649.0,0.2354,6,1.0,0
28684.8,476.0,0.3088,17,4.0,1
3892.6,621.0,0.2559,5,1.0,0
6692.5,697.0,0.2615,27,1.0,0
23046.9,578.0,0.3037,16,4.0,1
7449.5,706.0,0.2678,9,0.0,0
6761.45,766.0,0.1773,45,0.0,0
5056.1,681.0,0.2632,4,0.0,0
8361.8,696.0,0.2724,10,1.0,0
16524.3,582.0,0.3028,11,3.0,1
12116.2,635.0,0.2932,9,2.0,1
6354.2,653.0,0.3034,13,1.0,0
10903.4,602.0,0.2718,31,2.0,1
5096.9,603.0,0.3033,6,2.0,1
3292.3,720.0,0.2075,11,0.0,0
39700.9,507.0,0.3121,19,3.0,1
18022.6,654.0,0.2614,19,1.0,0
5939.3,667.0,0.2615,5,1.0,0
5673.2,682.0,0.2418,18,1.0,0
9821.8,699.0,0.2625,16,2.0,0
13769.9,604.0,0.289,23,2.0,1
22194.8,577.0,0.3045,13,4.0,1
9535.1,588.0,0.3392,5,2.0,1
19947.4,595.0,0.2985,20,3.0,1
20197.15,575.0,0.269,8,3.0,1
3065.9,640.0,0.2629,4,2.0,0
3972.3,669.0,0.2724,9,0.0,0
9642.8,627.0,0.2891,6,2.0,0
10188.0,674.0,0.2876,9,0.0,0
7128.7,608.0,0.2703,15,2.0,0
9847.0,639.0,0.2864,9,2.0,1
3588.05,608.0,0.2611,9,2.0,0
4483.6,684.0,0.2355,12,1.0,0
10153.6,674.0,0.3077,31,0.0,0
5372.8,630.0,0.2583,8,1.0,0
7632.6,605.0,0.3123,15,2.0,1
9392.15,632.0,0.2271,34,1.0,0
7180.9,628.0,0.2839,2,2.0,0
10096.9,654.0,0.2772,18,1.0,0
4310.85,639.0,0.299,3,1.0,0
5030.05,662.0,0.2419,29,2.0,0
9222.6,703.0,0.2435,42,1.0,0
3210.25,691.0,0.1199,40,1.0,0
7561.5,638.0,0.2599,24,1.0,0
6065.8,690.0,0.2592,18,2.0,0
8062.7,604.0,0.3371,2,1.0,1
6220.9,670.0,0.2183,22,2.0,0
3907.15,705.0,0.2383,14,0.0,0
5435.2,628.0,0.2653,5,2.0,1
12658.65,631.0,0.335,18,1.0,1
9847.5,631.0,0.2818,13,2.0,0
13255.3,574.0,0.2914,14,2.0,1
8954.9,708.0,0.2601,27,0.0,0
4055.8,699.0,0.2263,12,0.0,0
6218.05,608.0,0.2954,16,1.0,0
13028.95,621.0,0.257,10,3.0,1
4917.5,702.0,0.2593,5,0.0,0
10016.8,683.0,0.2823,4,2.0,0
18817.3,684.0,0.2405,45,2.0,0
10350.1,652.0,0.2581,32,2.0,0
7673.1,640.0,0.2673,15,2.0,0
5605.0,601.0,0.2319,27,2.0,0
3387.1,694.0,0.2188,4,1.0,0
5286.0,691.0,0.2346,30,0.0,0
12061.7,715.0,0.2783,11,2.0,0
12189.2,608.0,0.298,4,2.0,1
6534.8,628.0,0.2767,4,2.0,0
45004.2,569.0,0.2712,30,3.0,1
33452.35,511.0,0.2737,9,3.0,1
12850.6,653.0,0.2861,19,1.0,0
11722.1,640.0,0.2935,3,1.0,0
3571.0,654.0,0.1792,31,1.0,0
12426.2,654.0,0.2939,9,1.0,0
6023.0,643.0,0.254,14,2.0,0
13463.4,561.0,0.2907,20,3.0,1
6689.8,641.0,0.2777,4,1.0,0
10495.0,657.0,0.2477,45,2.0,0
7359.9,623.0,0.2689,17,2.0,0
8154.6,723.0,0.2595,23,0.0,0
5789.7,717.0,0.2482,11,0.0,0
14270.2,639.0,0.2832,18,3.0,1
12394.8,626.0,0.3092,45,1.0,0
12486.0,635.0,0.2931,10,2.0,1
6514.3,681.0,0.2384,26,2.0,0
5281.4,653.0,0.2734,5,1.0,0
6963.0,617.0,0.2844,1,1.0,0
4625.75,642.0,0.2929,7,1.0,0
6123.3,671.0,0.2275,29,1.0,0
5725.6,678.0,0.2403,10,2.0,0
49419.3,449.0,0.3167,3,4.0,1
5978.3,654.0,0.2497,16,1.0,0
14617.0,600.0,0.299,8,3.0,1
2755.0,617.0,0.2722,9,2.0,0
4956.2,671.0,0.2639,20,1.0,0
18131.65,680.0,0.255,22,2.0,0
7053.1,632.0,0.2624,15,2.0,0
7954.0,689.0,0.2364,14,2.0,0
25683.0,512.0,0.3107,9,4.0,1
15487.3,623.0,0.2959,14,2.0,1
5686.6,694.0,0.2437,8,1.0,0
4425.7,662.0,0.214,20,1.0,0
3372.6,647.0,0.2028,22,1.0,0
28449.8,579.0,0.2628,32,4.0,1
6548.3,669.0,0.2935,19,0.0,0
8874.3,667.0,0.2595,27,2.0,0
30495.3,662.0,0.2652,24,3.0,1
8657.6,630.0,0.271,17,2.0,0
13246.3,600.0,0.2999,4,2.0,1
3948.2,683.0,0.2249,23,0.0,0
32983.2,507.0,0.3099,19,4.0,1
14225.1,637.0,0.2967,10,1.0,1
21314.1,653.0,0.2984,23,2.0,0
4985.7,679.0,0.2601,5,0.0,0
3595.0,646.0,0.2503,5,1.0,0
8857.1,654.0,0.253,32,2.0,0
5112.5,733.0,0.2054,17,0.0,0
4684.55,717.0,0.2235,32,0.0,0
23519.7,613.0,0.2685,9,3.0,1
12667.6,723.0,0.276,16,1.0,0
12292.9,574.0,0.2936,9,3.0,1
16678.3,641.0,0.2904,25,1.0,1
11157.7,686.0,0.2704,29,1.0,0
12233.35,605.0,0.3383,9,2.0,1
19205.2,603.0,0.299,13,4.0,1
38429.3,543.0,0.2697,24,4.0,1
7768.0,694.0,0.2678,6,1.0,0
8752.0,663.0,0.2948,23,2.0,0
17151.5,597.0,0.2641,8,2.0,1
17280.0,605.0,0.298,15,3.0,1
18504.5,582.0,0.3024,6,4.0,1
8717.6,644.0,0.2735,45,2.0,1
5574.3,636.0,0.2607,8,2.0,0
6887.8,689.0,0.2233,38,1.0,0
8359.9,587.0,0.2726,19,1.0,0
5896.8,649.0,0.2506,15,2.0,0
17624.3,582.0,0.2895,29,3.0,1
27526.05,584.0,0.3581,13,3.0,1
21423.7,476.0,0.3047,16,4.0,1
5120.7,682.0,0.263,9,0.0,0
10242.2,626.0,0.2794,12,2.0,0
10079.3,674.0,0.2731,17,1.0,0
13043.1,729.0,0.2799,13,1.0,0
4057.5,667.0,0.2403,7,2.0,0
8167.15,669.0,0.3221,7,1.0,0
10312.6,683.0,0.2808,11,1.0,0
14037.4,624.0,0.336,26,1.0,0
8220.4,623.0,0.2778,10,2.0,0
6061.6,713.0,0.2039,32,1.0,0
4594.3,692.0,0.2401,11,0.0,0
3527.2,614.0,0.2625,20,1.0,0
6580.0,631.0,0.2736,6,2.0,0
8322.75,715.0,0.2289,22,1.0,0
4470.95,654.0,0.2512,11,1.0,0
21396.1,558.0,0.2959,28,4.0,1
6233.7,693.0,0.2209,29,1.0,0
9514.3,691.0,0.2631,23,1.0,0
9116.8,661.0,0.2773,14,1.0,0
18209.4,627.0,0.2924,17,3.0,0
21496.0,610.0,0.3052,6,3.0,1
10238.9,651.0,0.29,7,0.0,0
4773.6,690.0,0.2526,7,0.0,0
7067.7,672.0,0.2997,19,0.0,0
3832.95,723.0,0.1641,14,2.0,0
5098.8,651.0,0.235,17,1.0,0
10399.8,648.0,0.2381,28,2.0,0
4050.7,650.0,0.2809,7,1.0,0
50900.85,535.0,0.2756,9,3.0,1
25752.6,587.0,0.295,45,3.0,1
10938.7,597.0,0.2813,22,2.0,1
6622.75,628.0,0.2272,14,2.0,0
10843.8,651.0,0.2903,13,1.0,0
20463.8,664.0,0.3004,13,2.0,0
6096.35,741.0,0.2193,16,0.0,0
2822.3,752.0,0.1534,6,0.0,0
4254.2,644.0,0.2887,6,1.0,0
4883.5,766.0,0.1618,45,0.0,0
8862.0,587.0,0.29,3,2.0,1
2737.5,729.0,0.0913,23,1.0,0
5612.4,690.0,0.2345,29,2.0,0
6869.2,635.0,0.274,7,2.0,0
22114.6,609.0,0.2901,41,3.0,1
5852.5,769.0,0.2179,18,1.0,0
21164.3,634.0,0.3025,15,2.0,1
6160.55,596.0,0.3225,3,2.0,1
3714.0,693.0,0.2046,26,0.0,0
9689.3,672.0,0.2686,10,2.0,0
11933.0,654.0,0.2832,19,1.0,0
9793.0,558.0,0.4074,11,2.0,1
42003.0,584.0,0.2752,5,2.0,1
13152.0,646.0,0.333,17,2.0,0
25736.55,658.0,0.2627,27,2.0,0
12572.0,614.0,0.3404,8,1.0,1
8647.5,675.0,0.2689,14,2.0,0
3742.2,663.0,0.28,5,0.0,0
11231.0,611.0,0.2814,23,2.0,0
8947.3,686.0,0.2775,4,2.0,0
51385.45,528.0,0.2759,12,4.0,1
5902.05,642.0,0.3045,10,2.0,0
8749.1,632.0,0.287,5,2.0,0
4831.1,659.0,0.2637,19,1.0,0
17178.8,576.0,0.3055,8,3.0,1
10704.9,636.0,0.283,15,2.0,0
3201.8,714.0,0.1337,31,1.0,0
3551.4,635.0,0.2748,5,2.0,0
3353.65,666.0,0.2508,5,0.0,0
18925.1,581.0,0.3049,7,3.0,1
7385.5,711.0,0.2105,37,1.0,0
5103.5,616.0,0.2518,14,2.0,0
5607.8,719.0,0.2316,45,0.0,0
5305.1,650.0,0.2396,21,1.0,0
5563.3,634.0,0.2504,13,2.0,0
3527.1,686.0,0.1959,17,1.0,0
17704.5,626.0,0.285,41,3.0,0
7584.4,632.0,0.28,6,2.0,0
6867.1,635.0,0.3224,6,1.0,0
46064.0,504.0,0.2753,12,3.0,1
8900.3,644.0,0.2767,9,2.0,0
4620.75,679.0,0.25,22,0.0,0
9481.2,609.0,0.3278,13,2.0,1
10078.1,598.0,0.2879,13,1.0,0
12352.7,649.0,0.2928,10,0.0,0
6750.75,663.0,0.2452,45,1.0,0
9627.2,596.0,0.2921,8,2.0,1
29665.75,602.0,0.2719,7,4.0,1
13046.25,653.0,0.251,18,2.0,0
9031.3,676.0,0.2461,34,2.0,0
6046.0,707.0,0.2448,45,0.0,0
5125.1,607.0,0.2675,7,2.0,0
12413.5,605.0,0.2848,19,3.0,1
11912.9,642.0,0.2946,7,2.0,1
22244.05,685.0,0.2567,20,4.0,0
14508.2,705.0,0.2669,45,1.0,0
16327.3,614.0,0.3021,7,2.0,1
8754.0,736.0,0.2216,42,2.0,0
4981.5,666.0,0.283,13,0.0,0
3340.4,686.0,0.2503,5,0.0,0
25061.4,673.0,0.2581,42,2.0,0
7008.65,730.0,0.2769,17,1.0,0
10172.5,685.0,0.263,22,2.0,0
9858.1,571.0,0.2791,20,3.0,1
21204.4,580.0,0.2935,32,3.0,1
19698.8,590.0,0.3045,9,4.0,1
5207.8,689.0,0.2281,21,1.0,0
23846.15,606.0,0.2647,23,3.0,1
4730.1,633.0,0.2581,9,1.0,0
10910.2,661.0,0.2651,33,1.0,0
11092.2,649.0,0.276,14,2.0,0
8223.1,642.0,0.2798,4,1.0,0
25069.1,576.0,0.2996,33,3.0,1
4263.7,597.0,0.295,4,1.0,0
4112.7,643.0,0.1743,36,2.0,0
4632.8,626.0,0.3344,17,0.0,0
7000.7,619.0,0.2281,36,2.0,0
6596.75,655.0,0.2721,30,1.0,0
14243.2,631.0,0.2999,6,2.0,1
4250.6,636.0,0.2296,17,1.0,0
17278.4,539.0,0.4324,6,1.0,1
29740.1,566.0,0.3117,6,4.0,1
2633.5,676.0,0.224,8,0.0,0
5158.0,672.0,0.1803,45,1.0,0
35039.65,595.0,0.2649,37,3.0,1
4981.6,608.0,0.3569,8,1.0,0
3881.7,696.0,0.2337,8,0.0,0
2422.6,680.0,0.1998,10,0.0,0
30849.9,563.0,0.3121,6,4.0,1
11508.1,635.0,0.2651,36,3.0,1
13956.1,578.0,0.2817,28,3.0,1
25089.2,613.0,0.2962,36,3.0,1
6797.8,746.0,0.1968,44,1.0,0
5817.4,631.0,0.2671,6,1.0,0
57957.35,558.0,0.2736,25,4.0,1
5239.5,661.0,0.2567,8,2.0,0
4518.1,649.0,0.2437,9,1.0,0
10349.6,686.0,0.2914,6,0.0,0
10002.2,641.0,0.2711,23,3.0,1
3742.15,681.0,0.1953,29,1.0,0
14804.0,652.0,0.2553,17,2.0,0
6176.2,659.0,0.2594,12,2.0,0
13609.6,628.0,0.2914,15,2.0,1
14331.5,625.0,0.2906,18,2.0,0
27483.5,537.0,0.3033,29,4.0,1
22041.1,538.0,0.3031,20,3.0,1
9382.5,689.0,0.2531,26,2.0,0
4734.6,638.0,0.2568,5,2.0,0
37804.6,517.0,0.3126,11,4.0,1
17230.4,632.0,0.2951,24,2.0,0
7201.55,663.0,0.3231,7,1.0,0
5194.2,699.0,0.2083,30,1.0,0
3481.6,620.0,0.2545,3,1.0,0
2557.65,616.0,0.235,5,1.0,0
11531.7,683.0,0.2564,45,2.0,0
9864.1,641.0,0.2647,28,2.0,0
17229.9,606.0,0.3006,11,4.0,1
9071.45,596.0,0.3299,10,2.0,1
6988.3,628.0,0.278,5,2.0,0
6742.9,655.0,0.2312,32,2.0,0
12413.2,645.0,0.2757,29,2.0,0
13550.6,637.0,0.2934,17,1.0,0
23339.1,598.0,0.2897,45,3.0,1
5011.9,631.0,0.2492,10,2.0,0
6453.4,714.0,0.2114,41,1.0,0
4033.85,687.0,0.1758,39,1.0,0
8243.5,639.0,0.2711,15,2.0,0
14035.2,602.0,0.288,25,2.0,0
5945.1,611.0,0.2474,17,2.0,0
5101.3,602.0,0.2827,14,2.0,1
35447.5,553.0,0.3068,27,4.0,1
6044.4,659.0,0.2439,15,2.0,0
4171.4,646.0,0.2143,22,1.0,0
11503.3,587.0,0.2906,10,2.0,0
13447.9,647.0,0.2944,11,2.0,0
12318.7,636.0,0.2904,8,1.0,0
19577.4,664.0,0.2965,9,3.0,0
7863.9,633.0,0.2758,10,2.0,0
8945.9,654.0,0.2726,17,2.0,0
13753.9,651.0,0.3291,14,2.0,0
6891.5,596.0,0.3207,7,1.0,0
8065.1,655.0,0.2754,2,2.0,0
8510.9,653.0,0.2807,9,2.0,0
11956.1,649.0,0.2786,24,1.0,0
24262.9,549.0,0.3054,19,4.0,1
3021.2,653.0,0.2158,6,1.0,0
25681.8,622.0,0.299,22,4.0,1
5933.3,735.0,0.2263,28,0.0,0
5514.2,676.0,0.2506,8,2.0,0
3549.4,619.0,0.2462,6,2.0,0
10688.5,630.0,0.3359,11,1.0,1
6138.2,776.0,0.2154,22,0.0,0
8307.0,653.0,0.2335,18,2.0,0
12284.5,594.0,0.2926,10,3.0,1
6153.1,660.0,0.2311,9,1.0,0
22160.2,562.0,0.3042,18,3.0,1
29229.7,613.0,0.2673,20,3.0,1
30438.7,524.0,0.3048,30,3.0,1
8021.1,640.0,0.2719,18,1.0,0
4850.6,636.0,0.2264,45,2.0,0
14241.7,666.0,0.2849,25,1.0,0
4479.5,707.0,0.1775,35,1.0,0
9947.5,641.0,0.284,16,1.0,0
49548.2,509.0,0.3163,5,3.0,1
24829.7,601.0,0.2664,16,4.0,1
25654.4,541.0,0.305,22,3.0,1
10334.1,684.0,0.2363,25,2.0,0
7439.9,661.0,0.2458,28,2.0,0
7243.15,653.0,0.2997,20,1.0,0
19330.0,622.0,0.3001,16,3.0,1
4638.9,618.0,0.252,11,2.0,0
32846.85,554.0,0.2724,13,4.0,1
10391.3,653.0,0.2508,10,2.0,0
6800.2,727.0,0.2341,17,1.0,0
6947.9,574.0,0.3146,15,2.0,0
14504.3,657.0,0.2863,24,2.0,1
9802.5,654.0,0.2678,25,2.0,0
12343.5,614.0,0.2823,26,2.0,0
33948.7,489.0,0.3086,24,4.0,1
5696.6,614.0,0.2433,22,2.0,0
5956.9,666.0,0.2145,18,2.0,0
4789.85,670.0,0.2311,2,1.0,0
10811.95,585.0,0.348,6,2.0,1
12449.1,607.0,0.2981,9,2.0,1
11294.1,622.0,0.3182,28,2.0,0
9621.75,634.0,0.3321,15,0.0,0
15157.4,594.0,0.2938,16,3.0,1
13585.4,614.0,0.3486,7,1.0,1
10147.1,620.0,0.2948,7,1.0,0
8260.2,715.0,0.2593,10,1.0,0
11044.1,623.0,0.2862,13,2.0,1
66685.2,522.0,0.2763,14,3.0,1
10268.8,668.0,0.2773,14,1.0,0
55420.8,641.0,0.2688,45,2.0,1
8787.9,676.0,0.2684,15,2.0,0
13399.75,656.0,0.2496,21,2.0,1
6772.7,635.0,0.2683,10,2.0,0
47033.95,583.0,0.2711,19,4.0,1
5164.6,650.0,0.2645,4,1.0,0
7416.2,665.0,0.2699,12,0.0,0
23388.2,641.0,0.2938,37,3.0,1
3930.7,699.0,0.1773,28,1.0,0
4146.9,637.0,0.253,3,2.0,0
33445.7,517.0,0.3079,21,4.0,1
7817.7,629.0,0.2388,40,2.0,0
5226.6,665.0,0.2571,25,1.0,0
5629.55,621.0,0.3103,6,2.0,1
6107.0,683.0,0.2735,4,0.0,0
5004.4,656.0,0.2446,12,1.0,0
3568.2,720.0,0.1463,24,1.0,0
5608.8,665.0,0.2671,5,1.0,0
8182.45,708.0,0.2345,12,1.0,0
3114.25,689.0,0.2392,10,0.0,0
8533.65,699.0,0.2417,12,0.0,0
21122.8,552.0,0.2977,24,3.0,1
25899.1,607.0,0.2642,28,3.0,1
14095.85,652.0,0.2502,27,1.0,0
5341.9,628.0,0.2894,13,1.0,0
3964.9,613.0,0.2343,13,2.0,0
5485.75,651.0,0.2652,24,1.0,0
7489.5,665.0,0.2463,28,2.0,0
27439.8,626.0,0.3046,12,3.0,1
11911.9,648.0,0.2811,12,2.0,0
11479.45,649.0,0.2491,20,1.0,0
5727.45,631.0,0.2677,25,2.0,0
12630.1,639.0,0.2867,13,2.0,0
9458.0,625.0,0.3796,22,1.0,1
7649.5,625.0,0.2804,6,3.0,1
14210.3,675.0,0.2894,10,1.0,0
40027.7,555.0,0.2742,8,4.0,1
7043.3,669.0,0.2688,11,1.0,0
7005.05,767.0,0.1757,39,2.0,0
11403.4,634.0,0.3206,31,1.0,0
4513.1,680.0,0.2557,19,0.0,0
12350.9,622.0,0.3243,27,2.0,1
10883.9,642.0,0.282,12,1.0,0
6604.0,636.0,0.2635,12,1.0,0
9099.3,689.0,0.2586,29,1.0,0
12038.6,603.0,0.2954,11,2.0,0
9135.7,678.0,0.2624,17,2.0,0
2133.1,673.0,0.2128,4,0.0,0
6226.5,632.0,0.2754,8,1.0,0
7963.0,673.0,0.3165,5,1.0,0
14716.4,662.0,0.2425,36,2.0,0
23229.6,512.0,0.3085,11,4.0,1
11998.35,642.0,0.3283,22,1.0,0
5783.4,699.0,0.2618,4,1.0,0
21256.45,573.0,0.3478,25,3.0,1
3799.6,587.0,0.314,11,2.0,1
24040.7,540.0,0.3035,18,4.0,1
10091.1,615.0,0.2805,15,2.0,1
5808.7,745.0,0.2166,39,1.0,0
4734.3,746.0,0.1591,45,0.0,0
8993.7,663.0,0.2699,24,1.0,0
8530.7,618.0,0.2975,29,2.0,0
5113.4,685.0,0.2472,7,1.0,0
27871.6,628.0,0.3009,31,2.0,1
18511.2,576.0,0.2617,15,3.0,1
11676.65,727.0,0.2503,10,1.0,0
26579.9,577.0,0.3096,8,4.0,1
6584.2,602.0,0.308,12,2.0,0
5477.3,644.0,0.2616,7,2.0,0
20810.9,624.0,0.3022,15,3.0,1
6927.9,714.0,0.2034,45,2.0,0
24530.45,597.0,0.2682,11,3.0,1
6458.95,666.0,0.2699,30,1.0,0
10742.25,592.0,0.3319,19,1.0,0
5667.85,648.0,0.2768,16,2.0,0
5935.4,583.0,0.3262,5,2.0,1
15264.45,642.0,0.2594,12,3.0,1
9159.0,642.0,0.2609,32,1.0,0
5845.4,624.0,0.297,13,1.0,0
15252.35,664.0,0.2529,22,2.0,1
3982.4,665.0,0.2019,20,1.0,0
6684.5,573.0,0.276,5,3.0,1
15450.6,635.0,0.2962,9,2.0,1
